68487774, restuarante opalo punta mango
72661700, Restaurante Tropical Coyolera Punta Mango
70984509, Punta mango Cafe
+56982084539, Alma Vita - Surf & Yoga Paradise
78763927, Mira Mango Spot
70847819, Pelícano Surf Camp 2.0
79260995, Nay’s Place
77371940, Hotel Los Mangos El Salvador
60310843, Rancho Avila
78565716, Jimmy's Cabins
75548861, Surf Lodge El Carrizal - Punta Mango
72065330, Rancho la ostra
60588302, La Choza Beers Shop
75459737, Dios te Amo restaurants
75670083, Comedor Lourdes
74684538, Dolphin Villa
75331214, Surf Lodge Punta Mango
74170631, Comedor y cocteleria hernandez Martinez
77522577, Bella Vista Restaurante y Bar
73053512, Fragata Playa La Ventana - Restaurante de Playa
68284342, Restaurante Sulimar
68215395, Sugarloaf Surf Lodge
70032985, Condesa hostal, bar & kitchen
79787045, Rancho Hernandez Villas
75767999, Costa Dorada - Surf Resort
23060110, Playa Las Flores
61445164, Restaurante las Rocas
26844444, Las Flores Beach Resort - Las Flores Experience
71488025, Hotel Atlakamani
72105503, ESCAPE SURF TRAVEL
79470361, Hotel Martinez, Las Flores
77480233, Alma Azul
61287744, RodMar Hotel & Restaurant
77371940, Hotel Miraflores, Playa Las Flores, El Salvador
72152951, Vista Las Olas Surf Resort
26199058, Sunset Hotel
60192190, Restaurante Kaylin
78533005, Restaurante Sol Y Arena
74164790, Restaurante la Marea
71176721, Restaurante Vista Hermosa
72807005, Restaurante Los Compadres
64547734, Restaurante y coctelería el pana
61965626, RESTAURANTE ROKAMAR
68279736, Restaurante EL PAL-MAR
72984066, Coctelería Stefany
78289080, Restaurante Sol y Mar
26306091, Viña del mar
76306091, Hotel Pacifico Dorado
77839369, Restaurante y Cocteleria Jo'smar
77480981, Sabor de mi tierra
75327562, Hotel y Restaurant Pez Dorado
70285557, Hotel Marbella Restaurante y Bar
75327562, Hotel y Restaurant Pez Dorado
72994292, Hotel y Restaurante MAR-TITA
77342442, Hotel Rancho Verde Surf
70285557, Hotel Marbella Restaurante y Bar
70119065, Rancho
26685378, Itza BeachClub Bar & hotel
61707426, Comedor y coctelera las dos hermanas
+14383462079, Maracol
78557898, Rancho Mayayi
72892739, Azul Surf Club
77011204, ASPESCU
75736655, Hotel Cucolindo Surf, Restaurante
78139685, Condado Cucolandia, Hotel y Restaurante de playa
26821000, Tropiclub Playa El Cuco
78907680, Bungalows Club
26080537, Manglares Bahia Resort
73389646, La Tortuga Verde
76782766, Adela's Pupusas y más
61127621, Hotel Pacific Paradise El Cuco
72038644, Comedor Las Gemelas
76780593, COMEDOR Y PUPUSERIA ALEXANDER RAMOS
60469827, Pastelería Francesa • Chirilagua
76577890, Funeraria Siloé
75790999, Hotel Herrera
75292703, Lilly´s Kitchen
64331648, La Cocina de la Abuela Chirilagua
